,0,location,daily_vaccinations
United States,543513.4054054054,,
China,331101.19444444444,,
European Union,289896.3333333333,,
India,179317.9090909091,,
United Kingdom,159461.11111111112,,
Turkey,150567.53846153847,,
England,139467.30555555556,,
Israel,96400.15789473684,,
United Arab Emirates,81111.23809523809,,
Germany,59512.48275862069,,
0,,Other,488078.091351528
